Supplier,VAT Exclusive,VAT,Zimasa VAT Inclusive,Date
Intercape Cape Town,393139.1,58970.88,452109.98,2023-06-01
083: S A Airways,36767.77,5515.15,42282.92,2023-06-01
640: Fly Safair,2949.2,442.38,3391.58,2023-06-01
820: Airlink Airline,7243.59,1086.54,8330.13,2023-06-01
Anew Hotel,26608.7,3991.3,30600,2023-06-01
Anew Hotel,3078.26,461.74,3540,2023-06-01
Akk: Atkv Klein-Kariba,1460.87,219.13,1680,2023-06-01
Anew Resort,22347.82,3352.18,25700,2023-06-01
Avs: Avis,20274.74,3041.21,23315.95,2023-06-01
Cbb: Cashan Bnb,6782.61,1017.39,7800,2023-06-01
Cch: Century City Conference Centre And Hotels,1521.74,228.26,1750,2023-06-01
City Lodge Hotel,13885.22,2082.78,15968,2023-06-01
City Lodge Hotel,4382.61,657.39,5040,2023-06-01
Dtl: Dunwoodie Travel Lodge,3826.09,573.91,4400,2023-06-01
Ehp: Elgro Hotel Potchefstroom,1013.04,151.96,1165,2023-06-01
Elr: Elrose Guest House,11304.35,1695.65,13000,2023-06-01
Euc: Europe Car,12434.79,1865.22,14300.01,2023-06-01
Fvg: Fairview Guesthouse,1000,150,1150,2023-06-01
Garden Court,434.5,65.17,499.67,2023-06-01
Grc: Graceland Conference & Lifestyle Centre,1565.22,234.78,1800,2023-06-01
Hah: Hotel@Hatfield,5008.7,751.3,5760,2023-06-01
Hgh: @Home Guest House,3130.43,469.57,3600,2023-06-01
Ilv: Illovo Hotel Gibs Business School,3585.22,549.78,4135,2023-06-01
Kgh: Kenzo Guest House,3782.61,567.39,4350,2023-06-01
"Khl: Kedar Heritage Lodge, Conference Centre & Spa",13170.43,1975.57,15146,2023-06-01
Kmd: Komodo Guest House,17530.43,2629.57,20160,2023-06-01
Krl: Kriel Bed & Breakfast,5434.78,815.22,6250,2023-06-01
Ksv: Kovsie Inn,1565.22,234.78,1800,2023-06-01
Lbc: Limbali Cottages,6782.6,1017.4,7800,2023-06-01
Lfr: Loskopdam Forever Resort,8086.96,1213.04,9300,2023-06-01
Lng: Lala @ Night Guesthouse,2956.52,443.48,3400,2023-06-01
Med: Meloding Guest House,5008.7,751.3,5760,2023-06-01
Mgb: Maggy'S B And B,2608.7,391.3,3000,2023-06-01
Mgh: Masego Guest House,4521.74,678.26,5200,2023-06-01
Nwu: North West University,3313.04,496.96,3810,2023-06-01
Orion Safari,30434.78,4565.22,35000,2023-06-01
Protea By Marriott,1539.13,230.87,1770,2023-06-01
Palm Swift,4608.69,691.31,5300,2023-06-01
Protea By Marriott,13454.82,2018.22,15473.04,2023-06-01
Pvh: Pavilion Hotel,4295.65,644.35,4940,2023-06-01
Pwg: Peermont Walmont Hotel At Graceland,38633.04,5794.96,44428,2023-06-01
Rdr: Road Lodge Rustenburg,1878.26,281.74,2160,2023-06-01
Rgl: Rejabotlhe Guest Lodge,1260.87,189.13,1450,2023-06-01
Sce: Sundown Country Estate,3769.57,565.43,4335,2023-06-01
Slr: Sandton Lodge Rivonia,5040,756,5796,2023-06-01
Sls: Sefapane Lodge & Safaris,11582.61,1737.39,13320,2023-06-01
Southern Sun,32121.43,4818.22,36939.65,2023-06-01
Southern Sun,10719.85,1607.97,12327.82,2023-06-01
Southern Sun,1400,210,1610,2023-06-01
Southern Sun,19278.26,2891.74,22170,2023-06-01
Sth: Stonehenge River Lodge,5172.06,775.81,5947.87,2023-06-01
The Capital,3913.04,586.96,4500,2023-06-01
The Capital,9622.68,1443.4,11066.08,2023-06-01
Tfg: Treefern Guesthouse With Spa,11026.08,1653.92,12680,2023-06-01
Tgh: Thee Gesthouse,3913.05,586.95,4500,2023-06-01
Town Lodge,3139.13,470.87,3610,2023-06-01
Town Lodge,11856.52,1778.48,13635,2023-06-01
Tmt: The Maslow Time Square,2416.52,362.48,2779,2023-06-01
Toh: Three Oaks And An Aloe Boutique Hotel,69386.96,10408.04,79795,2023-06-01
Trc: The Red Cherry Guest House,3913.04,586.96,4500,2023-06-01
Trm: The Royal Marang Hotel,12944.37,1941.65,14886.02,2023-06-01
Tsc: Tuscany Hotel,4869.56,730.44,5600,2023-06-01
Vdv: Vaal De Vue,4521.74,678.26,5200,2023-06-01
Wtt: Wow Travel Tours,"2,086.96
987,304.97","313.04
148,107.75","2,400.00
1,135,412.72",2023-06-01
Intercape Cape Town,449382.42,,516789.73,2023-07-01
083: S A Airways,99740.51,,114701.57,2023-07-01
41O: 41 On Market Lodge,2869.56,,3300.0,2023-07-01
820: Airlink Airline,6820.0,,7843.0,2023-07-01
Anew Hotel,25175.39,,28951.7,2023-07-01
Anew Hotel,5043.48,,5800.0,2023-07-01
Avs: Avis,40633.33,,46728.34,2023-07-01
Bcl: Bokmakierie Country Lodge,1130.43,,1300.0,2023-07-01
Bon: Bonno Lodge And Conference Center,8582.61,,9870.0,2023-07-01
Cgd: Casa Grand Bb,7456.52,,8575.0,2023-07-01
City Lodge Hotel,7634.78,,8780.0,2023-07-01
City Lodge Hotel,50463.47,,58033.0,2023-07-01
Dlm: Delectus Manor,4275.69,,4917.04,2023-07-01
Euc: Europe Car,5800.0,,5800.0,2023-07-01
Garden Court,9356.52,,10760.0,2023-07-01
Grc: Graceland Conference & Lifestyle Centre,180580.0,,207667.0,2023-07-01
Gvb: Grand View Bed & Breakfast,2217.39,,2550.0,2023-07-01
Hah: Hotel@Hatfield,28043.48,,32250.0,2023-07-01
Ilv: Illovo Hotel Gibs Business School,2121.74,,2440.0,2023-07-01
"Ind: Indaba Hotel, Spa And Conference Centre",3352.09,,3854.9,2023-07-01
Lbc: Limbali Cottages,1130.43,,1300.0,2023-07-01
Lng: Lala @ Night Guesthouse,1521.74,,1750.0,2023-07-01
Mcg: Modcharm Guesthouse( Mogwasi),2608.7,,3000.0,2023-07-01
Mgh: Masego Guest House,2260.86,,2600.0,2023-07-01
Mjm: Mercure Johannesburg Midrand Hotel,5321.74,,6120.0,2023-07-01
Pfi: Protea Fire & Ice Menlyn,5780.87,,6648.0,2023-07-01
Protea By Marriott,8711.3,,10018.0,2023-07-01
Protea By Marriott,3078.26,,3540.0,2023-07-01
Pmh: Peermont Metcourt Hotel,17217.39,,19800.0,2023-07-01
Protea By Marriott,4747.83,,5460.0,2023-07-01
Rgh: The Regency Apartment Hotel | Menlyn,8260.87,,9500.0,2023-07-01
Rgl: Rejabotlhe Guest Lodge,1260.87,,1450.0,2023-07-01
Southern Sun,73721.78,,84780.04,2023-07-01
Southern Sun,2920.14,,3358.15,2023-07-01
Southern Sun,11200.0,,12880.0,2023-07-01
Southern Sun,8991.3,,10340.0,2023-07-01
Str: Stayeasy Rustenburg,4017.89,,4620.57,2023-07-01
Tfc: Touch Of Class Guest House,14880.0,,17112.0,2023-07-01
"Tfh: The Fairway Hotel, Spa And Golf Resort",1226.52,,1410.5,2023-07-01
Tgv: The Garden Venue Hotel,2695.65,,3100.0,2023-07-01
Toh: Three Oaks And An Aloe Boutique Hotel,7369.57,,8475.0,2023-07-01
Trm: The Royal Marang Hotel,93739.13,,107800.0,2023-07-01
Wgh: The Willows Garden Hotel,3769.57,,4335.0,2023-07-01
Anew Hotel,32695.65,4904.35,37600.0,2023-08-01
Anew Hotel,3330.78,499.62,3830.4,2023-08-01
Avis (Avs),23706.36,1948.55,25654.91,2023-08-01
Cascades Hotel (Csh),26817.39,4022.61,30840.0,2023-08-01
City Lodge Hotel,21717.39,3257.61,24975.0,2023-08-01
City Lodge Hotel,31913.04,4786.96,36700.0,2023-08-01
City Lodge Hotel,13991.3,2098.7,16090.0,2023-08-01
City Lodge Hotel,8678.26,1301.74,9980.0,2023-08-01
Gromans Rest Guesthouse (Rrg),8700.0,1305.0,10005.0,2023-08-01
Hertz Or Tambo Or Tambo (Htz),3535.7,530.35,4066.05,2023-08-01
Illovo Hotel Gibs Business School (Ilv),4824.35,723.65,5548.0,2023-08-01
Jade Garden Guest House (Jgg),4347.83,652.17,5000.0,2023-08-01
Kings Gate Hotel (Knd),2782.61,417.39,3200.0,2023-08-01
Komodo Guest House (Kmd),956.52,143.48,1100.0,2023-08-01
La Maison De Veille Guest House (Lmd),1130.43,169.57,1300.0,2023-08-01
Le Grand Chateau (Lgc),3765.22,564.78,4330.0,2023-08-01
Mon-Aé Guest House Klerksdorp (Mgk),9565.22,1434.78,11000.0,2023-08-01
Palm Swift,1130.43,169.57,1300.0,2023-08-01
Patong Guest Lodge (Pgl),8321.74,1248.26,9570.0,2023-08-01
Protea By Marriott,44936.52,6740.48,51677.0,2023-08-01
Road Lodge Rustenburg (Rdr),66900.87,10035.13,76936.0,2023-08-01
S A Airways (083),21095.0,3164.25,24259.25,2023-08-01
"Signature Lux Hotel By Onomo, Sandton (Slh)",8947.83,1342.17,10290.0,2023-08-01
Southern Sun,4302.43,645.37,4947.8,2023-08-01
Southern Sun,0.0,0.0,0.0,2023-08-01
Stayeasy Rustenburg (Str),5887.97,883.19,6771.16,2023-08-01
Stonehenge River Lodge (Sth),291581.76,43737.3,335319.06,2023-08-01
Sun City,43095.65,6464.35,49560.0,2023-08-01
The Capital,8220.87,1233.13,9454.0,2023-08-01
The Capital,7721.74,1158.26,8880.0,2023-08-01
The Royal Marang Hotel (Trm),48715.66,7307.34,56023.0,2023-08-01
Three Oaks And An Aloe Boutique Hotel (Toh),7443.48,1116.52,8560.0,2023-08-01
Town Lodge,3365.52,503.48,3860.0,2023-08-01
20 On 4Th Luxury Upmarket Homestay (Lum),,348.26,2670.0,2023-09-01
Airlink Airline (820),,1050.0,8050.0,2023-09-01
Andante Guesthouse (Ang),,311.74,2390.0,2023-09-01
Anew Hotel,,9605.21,73640.0,2023-09-01
Anew Resort,,273.91,3870.0,2023-09-01
Avis (Avs),,1986.0,15225.98,2023-09-01
Bakubung Bush Lodge (Bkb),,478.17,3666.0,2023-09-01
Be@Home,,476.09,3650.0,2023-09-01
Bono Luxury Guesthouse (Bnl),,273.91,2100.0,2023-09-01
Casa Grand Bb (Cgd),,639.13,4900.0,2023-09-01
City Living Boutique Hotel (Ctl),,569.35,4365.0,2023-09-01
City Lodge Hotel,,1296.52,9940.0,2023-09-01
City Lodge Hotel,,547.57,4198.0,2023-09-01
Elrose Guest House (Elr),,1323.91,10150.0,2023-09-01
"Emperors Palace Hotels, Casino And Convention Reso (Eph)",,1197.39,9180.0,2023-09-01
Fly Safair (640),,14693.41,111775.85,2023-09-01
Garden Court,,420.0,3220.0,2023-09-01
Garden Court,,2520.0,19320.0,2023-09-01
Garden Court,,2582.61,19800.0,2023-09-01
Garden Court,,598.7,4590.0,2023-09-01
Gettys Bed And Breakfast (Ggh),,610.43,4680.0,2023-09-01
Green Side Accomodation (Gs),,187.83,1440.0,2023-09-01
Hertz Or Tambo Or Tambo (Htz),,4746.64,36391.0,2023-09-01
Hertz Rent A Car  Mahikeng Mahikeng (Hrm),,1309.57,10040.0,2023-09-01
Hertz Rent A Car - Cape Town International Airport (Hrc),,2911.3,22320.0,2023-09-01
Hotel Sky Sandton (Hss),,174.39,1337.0,2023-09-01
Illovo Hotel Gibs Business School (Ilv),,926.54,7103.5,2023-09-01
Intercape Cape Town,,75708.52,580432.09,2023-09-01
Kassaboera Lodge (Kl),,691.31,5300.0,2023-09-01
Kenzo Guest House (Kgh),,378.26,2900.0,2023-09-01
Komodo Guest House (Kmd),,195.65,1500.0,2023-09-01
Kriel Bed & Breakfast (Krl),,926.08,7100.0,2023-09-01
Kwa Maritane Bush Lodge (Kmb),,1846.95,14160.0,2023-09-01
La Maison De Veille Guest House (Lmd),,4069.57,31200.0,2023-09-01
Lala @ Night Guesthouse (Lng),,1310.87,10050.0,2023-09-01
Limbali Cottages (Lbc),,5256.53,40300.0,2023-09-01
Masego Guest House (Mgh),,2034.79,15600.0,2023-09-01
Modizen Guest House (Mdz),,180.0,1380.0,2023-09-01
Mon-Aé Guest House Klerksdorp (Mgk),,352.17,2700.0,2023-09-01
Palm Swift,,326.09,2500.0,2023-09-01
Park Inn By Radisson Polokwane (Pib),,827.61,6345.0,2023-09-01
Protea By Marriott,,461.74,3540.0,2023-09-01
Protea By Marriott,,5347.93,41000.85,2023-09-01
Protea By Marriott,,1185.53,9089.1,2023-09-01
Protea By Marriott,,13030.43,99900.0,2023-09-01
Protea Fire & Ice Menlyn (Pfi),,457.94,3510.9,2023-09-01
Protea Hotel By Marriot Klerksdorp (Pkk),,223.04,1710.0,2023-09-01
Rejabotlhe Guest House (Rjb),,6808.69,52200.0,2023-09-01
Rio Hotel Casino Resort (Rhc),,446.09,3420.0,2023-09-01
Road Lodge Potchefstoom (Rdp),,615.65,4720.0,2023-09-01
Royal Aloe Lodge (Ral),,1197.39,9180.0,2023-09-01
Rustenburg Boutique Hotel (Rbh),,363.91,2790.0,2023-09-01
S A Airways (083),,4068.15,31189.15,2023-09-01
Sandton Lodge Rivonia (Slr),,547.43,4197.0,2023-09-01
Santai Guesthouse (Sng),,143.48,1100.0,2023-09-01
Shaka Tours & Safaris (Sts),,747.39,5730.0,2023-09-01
Southern Sun,,5321.74,40800.0,2023-09-01
Southern Sun,,2296.6,17607.25,2023-09-01
Southern Sun,,1140.0,8740.0,2023-09-01
Southern Sun,,210.0,1610.0,2023-09-01
Stayeasy Rustenburg (Str),,1042.9,7995.58,2023-09-01
Stonehenge River Lodge (Sth),,3819.16,29280.21,2023-09-01
Sun City,,5546.74,42525.0,2023-09-01
Sundowner Lodge And Caravan Park (Sdl),,97.83,750.0,2023-09-01
The Capital,,399.13,3060.0,2023-09-01
The Capital,,1234.8,9466.8,2023-09-01
The Palace Hotel (Tph),,1707.65,13092.0,2023-09-01
The Red Cherry Guest House (Trc),,834.78,6400.0,2023-09-01
Three Oaks And An Aloe Boutique Hotel (Toh),,457.83,3510.0,2023-09-01
Treefern Guesthouse With Spa (Tfg),,2034.79,15600.0,2023-09-01
Villa Brocant Guesthouse (Vbg),,168.26,1290.0,2023-09-01
Villa Maria,,233.35,1789.0,2023-09-01
@Home Guest House (Hgh),,678.26,5200.0,2023-10-01
Acres Inn Klerksdorp (Aik),,1584.78,12150.0,2023-10-01
Airlink Airline (820),,3415.35,26184.35,2023-10-01
Alec Wright'S Guest Lodge (Awg),,849.0,6509.0,2023-10-01
Anew Hotel,,4252.17,32600.0,2023-10-01
Anew Hotel,,1294.31,9923.06,2023-10-01
Anew Resort,,210.0,1610.0,2023-10-01
Anew Resort,,1856.35,14232.0,2023-10-01
Annvilla Guest House (Avl),,1873.04,14360.0,2023-10-01
Avis Or Tambo (Avo),,1766.09,13540.0,2023-10-01
Avis Rent A Car - Sandton Gautrain Santon (Asg),,1541.74,11820.0,2023-10-01
Boga Legaba Guest House (Blg),,169.57,1300.0,2023-10-01
Bokamoso Farm Stay (Bfs),,2337.39,17920.0,2023-10-01
Border Post Hotel (Bph),,176.09,1350.0,2023-10-01
Cashan Bnb (Cbb),,2713.04,20800.0,2023-10-01
City Lodge Hotel,,1081.3,8290.0,2023-10-01
City Lodge Hotel,,4248.92,32575.0,2023-10-01
City Lodge Hotel,,420.0,3220.0,2023-10-01
Coastlands Umhlanga Hotel & Convention Centre (Cuh),,2660.87,20400.0,2023-10-01
Delectus Manor (Dlm),,672.65,5157.01,2023-10-01
Dithabeng View Guest House (Dvg),,2034.78,15600.0,2023-10-01
Elrose Guest House (Elr),,593.48,4550.0,2023-10-01
Fly Safair (640),,1452.68,11147.22,2023-10-01
Foundation Stones Mahikeng (Fsm),,720.0,5520.0,2023-10-01
Garden Court,,669.13,5130.0,2023-10-01
Garden Court,,1119.13,8580.0,2023-10-01
Green Side Accomodation (Gs),,1126.95,8640.0,2023-10-01
Gromans Rest Guesthouse (Rrg),,900.0,6900.0,2023-10-01
Hertz King Shaka Durban (Hks),,832.83,6385.0,2023-10-01
Hertz Rent A Car  Mahikeng Mahikeng (Hrm),,430.43,3300.0,2023-10-01
"Indaba Hotel, Spa And Conference Centre (Ind)",,210.12,1610.95,2023-10-01
Intercape Cape Town,,75232.02,576778.77,2023-10-01
Ithuteng Learning Academy (Ila),,6613.04,50700.0,2023-10-01
K&B Guesthouse (Kng),,860.87,6600.0,2023-10-01
K3B Guesthouse (Kbg),,1408.7,10800.0,2023-10-01
Kassaboera Lodge (Kl),,3730.43,28600.0,2023-10-01
Kenzo Guest House (Kgh),,945.65,7250.0,2023-10-01
Kings Gate Hotel (Knd),,881.74,6760.0,2023-10-01
Kriel Bed & Breakfast (Krl),,163.04,1250.0,2023-10-01
Lala @ Night Guesthouse (Lng),,2582.61,19800.0,2023-10-01
Lily Park Lodge (Lpl),,365.22,2800.0,2023-10-01
Limbali Cottages (Lbc),,1695.68,13000.0,2023-10-01
Mahikeng Hotel School (Mhs),,225.0,1725.0,2023-10-01
Maropeng Boutique Hotel (Mbt),,232.83,1785.0,2023-10-01
Masego Guest House (Mgh),,4747.83,36400.0,2023-10-01
Mercure Johannesburg Randburg Hotel (Mrh),,1959.65,15024.0,2023-10-01
Modisa Lodge (Mtl),,882.0,6762.0,2023-10-01
Mon-Aé Guest House Klerksdorp (Mgk),,873.91,6700.0,2023-10-01
Mosate Lodge - Polokwane (Msl),,391.3,3000.0,2023-10-01
Nayang Lorato Guest House And Catering (Nlg),,176.09,1350.0,2023-10-01
Nwu Sports Village (Sv),,662.6,5080.0,2023-10-01
Peermont Metcourt Hotel (Pmh),,420.0,3220.0,2023-10-01
Protea By Marriott,,461.74,3540.0,2023-10-01
Protea By Marriott,,887.93,6807.5,2023-10-01
Protea By Marriott,,2819.27,28694.35,2023-10-01
Protea By Marriott,,197.59,1514.85,2023-10-01
Protea Hotel By Marriot Klerksdorp (Pkk),,1520.62,11658.05,2023-10-01
Ratlou Guest House (Ruh),,195.65,1500.0,2023-10-01
Road Lodge Pietermaritzburg (Rdz),,0.0,0.0,2023-10-01
Road Lodge Potchefstoom (Rdp),,168.26,1290.0,2023-10-01
Royal Palm Hotel (Rph),,1612.43,12362.0,2023-10-01
S A Airways (083),,3594.95,28424.57,2023-10-01
Seasons Conference And Weddings (Scw),,16121.74,123600.0,2023-10-01
Seasons Leisure Golf Spa (Slg),,419.9,3219.2,2023-10-01
Seokobale Guesthouse (Skg),,1408.7,10800.0,2023-10-01
Setlhare Guest Lodge (Stl),,112.17,860.0,2023-10-01
Shaka Tours & Safaris (Sts),,246.52,1890.0,2023-10-01
Southern Sun,,630.0,4830.0,2023-10-01
Southern Sun,,2382.71,18267.4,2023-10-01
Southern Sun,,2890.73,22162.28,2023-10-01
Southern Sun,,1042.57,7993.0,2023-10-01
Southern Sun,,2310.0,17710.0,2023-10-01
Southern Sun,,420.0,3220.0,2023-10-01
Stayeasy Rustenburg (Str),,3123.13,23944.08,2023-10-01
Stonehenge River Lodge (Sth),,148.7,1140.01,2023-10-01
Sun City,,840.0,6440.0,2023-10-01
The Royal Marang Hotel (Trm),,12923.21,99078.0,2023-10-01
Thee Gesthouse (Tgh),,978.26,7500.0,2023-10-01
Tlmz Guest House (Tmz),,1152.0,8832.0,2023-10-01
Tshenolo Guest House (Tgg),,1800.0,13800.0,2023-10-01
Villa Rosa Bed And Breakfast (Vrb),,339.13,2600.0,2023-10-01
Zanami Lodge (Zap),,9078.26,69600.0,2023-10-01
196 On Victoria Bed & Breakfast (Vbb),,247.83,1900.0,2023-11-01
Airlink Airline (820),,930.0,7130.0,2023-11-01
Anew Hotel,,511.83,3924.09,2023-11-01
Anew Resort,,2582.61,19800.0,2023-11-01
Be@Home,,450.0,3450.0,2023-11-01
Bophirima Boutique Hotel (Bbh),,2347.81,18000.0,2023-11-01
Cashan Bnb (Cbb),,339.13,2600.0,2023-11-01
Chrome Valley Lodge (Cvl),,171.52,1315.0,2023-11-01
City Lodge Hotel,,1455.65,11160.0,2023-11-01
City Lodge Hotel,,6462.19,49543.5,2023-11-01
City Lodge Hotel,,2132.74,16351.0,2023-11-01
City Lodge Sandton (Cls),,1972.17,15120.0,2023-11-01
Cu Guest House (Cug),,5885.22,45120.0,2023-11-01
Elrose Guest House (Elr),,567.39,4350.0,2023-11-01
Excalibur Boutique Hotel Conference & Wedding Venu (Ebh),,237.72,1822.5,2023-11-01
Fly Safair (640),,2746.96,21060.02,2023-11-01
Garden Court,,420.0,3220.0,2023-11-01
Hertz King Shaka Durban (Hks),,1688.87,12948.0,2023-11-01
Hertz Or Tambo Or Tambo (Htz),,2752.17,21100.0,2023-11-01
Hertz Rent A Car  Mahikeng Mahikeng (Hrm),,601.7,4613.0,2023-11-01
Hertz Rent A Car - Cape Town International Airport (Hrc),,678.26,5200.0,2023-11-01
Inn Green Hotel (Igh),,256.96,1970.0,2023-11-01
"Kedar Heritage Lodge, Conference Centre & Spa (Khl)",,779.35,5975.0,2023-11-01
Kovsie Inn (Ksv),,123.91,950.0,2023-11-01
Kriel Bed & Breakfast (Krl),,450.0,3450.0,2023-11-01
Lala @ Night Guesthouse (Lng),,215.22,1650.0,2023-11-01
Lily Park Lodge (Lpl),,3521.7,27000.0,2023-11-01
Little Tuscany Boutique Hotel (Ltb),,988.7,7580.0,2023-11-01
Masego Guest House (Mgh),,847.83,6500.0,2023-11-01
Motheo Exquisite Guesthouse (Meg),,215.22,1650.0,2023-11-01
Orion Safari,,313.04,2400.0,2023-11-01
Protea By Marriott,,2244.39,17207.0,2023-11-01
Rio Hotel Casino Resort (Rhc),,2814.78,21580.0,2023-11-01
Road Lodge Pietermaritzburg (Rdz),,162.39,1245.0,2023-11-01
S A Airways (083),,1950.9,14956.9,2023-11-01
Seasons Leisure Golf Spa (Slg),,2854.86,21887.2,2023-11-01
Seokobale Guesthouse (Skg),,391.3,3000.0,2023-11-01
Singapore Airlines (618),,0.0,120204.0,2023-11-01
Somerset Bencoolen Singapore (Sbs),,0.0,54312.0,2023-11-01
Southern Sun,,709.7,5441.0,2023-11-01
Stayeasy Rustenburg (Str),,437.59,3354.84,2023-11-01
Sundown Country Estate (Sce),,3845.22,29480.0,2023-11-01
The Capital,,939.13,7200.0,2023-11-01
The Royal Marang Hotel (Trm),,1786.17,13694.0,2023-11-01
Three Oaks And An Aloe Boutique Hotel (Toh),,490.43,3760.0,2023-11-01
Tlmz Guest House (Tmz),,864.0,6624.0,2023-11-01
Town Lodge,,933.91,7160.0,2023-11-01
Wink Quivertree Aparthotel (Wqa),,2748.13,21069.0,2023-11-01
Anew Hotel,,1137.59,8721.52,2023-12-01
Anta Boga Hotel (Abh),,747.4,5730.0,2023-12-01
Avis Or Tambo (Avo),,1017.78,7803.0,2023-12-01
Be@Home,,150.0,1150.0,2023-12-01
Bokamoso Farm Stay (Bfs),,0.0,0.0,2023-12-01
City Lodge Hotel,,832.57,6383.0,2023-12-01
Cu Guest House (Cug),,7888.71,60480.0,2023-12-01
Fly Safair (640),,1215.48,9318.72,2023-12-01
Garden Court,,210.0,1610.0,2023-12-01
Garden Court,,1685.22,12920.0,2023-12-01
Hertz King Shaka Durban (Hks),,0.0,4114.08,2023-12-01
Hertz Or Tambo Or Tambo (Htz),,1095.65,8400.0,2023-12-01
Hertz Rent A Car  Mahikeng Mahikeng (Hrm),,276.01,2116.11,2023-12-01
Hilton,,1170.0,8970.0,2023-12-01
K&B Guesthouse (Kng),,12052.18,92400.0,2023-12-01
Kenzo Guest House (Kgh),,0.0,0.0,2023-12-01
Kings Guest House (Kig),,430.43,3300.0,2023-12-01
Letsatsing Lodge (Lel),,215.22,1650.0,2023-12-01
Lily Park Lodge (Lpl),,6586.95,50500.0,2023-12-01
Safari Lodge,,1432.17,10980.0,2023-12-01
Ndaba Guest Lodge (Ndl),,391.3,3000.0,2023-12-01
Nwu Sports Village (Sv),,331.3,2540.0,2023-12-01
Peermont Walmont Hotel At Graceland (Pwg),,16986.91,130233.0,2023-12-01
Premier Hotel O.R. Tambo (Pho),,1223.48,9380.0,2023-12-01
Protea By Marriott,,777.2,5958.5,2023-12-01
Protea By Marriott,,10539.13,80800.0,2023-12-01
Protea Hotel By Marriot Klerksdorp (Pkk),,223.05,1710.0,2023-12-01
Sonskyn Hof Guest House (Shg),,615.65,4720.0,2023-12-01
Southern Sun,,1311.66,10056.05,2023-12-01
Stayeasy Rustenburg (Str),,210.0,1610.0,2023-12-01
Sun City,,1065.27,8167.15,2023-12-01
Sundown Country Estate (Sce),,486.26,3728.0,2023-12-01
The Capital,,221.74,1700.0,2023-12-01
The Capital,,1286.09,9860.0,2023-12-01
The Kingdom Resort (Tkr),,766.96,5880.0,2023-12-01
Tlmz Guest House (Tmz),,576.0,4416.0,2023-12-01
Tuscany Hill Manor (Thm),,7982.61,61200.0,2023-12-01
Villa Maria Guest Lodge (Vmg),,984.13,7544.98,2023-12-01
Anew Hotel,,890.19,6824.82,2024-01-01
Anta Boga Hotel (Abh),,213.91,1640.0,2024-01-01
Avis Or Tambo (Avo),,1217.66,9335.39,2024-01-01
Be@Home,,600.0,4600.0,2024-01-01
City Lodge Hotel,,1611.52,12355.0,2024-01-01
City Lodge Hotel,,3464.35,26560.0,2024-01-01
City Lodge Hotel,,1137.39,8720.0,2024-01-01
Emirates Airline (176),,12374.09,94868.0,2024-01-01
Fly Safair (640),,1176.95,9023.25,2024-01-01
Hertz Rent A Car - Cape Town International Airport (Hrc),,150.91,1157.0,2024-01-01
K&B Guesthouse (Kng),,9469.57,72600.0,2024-01-01
Lion'S Rest Guest House (Lir),,7304.35,56000.0,2024-01-01
Marang Gardens Lodge (Mgl),,1158.26,8880.0,2024-01-01
Mcathama Shuttle & Tours (Mct),,2233.04,17120.0,2024-01-01
Oak Park And Conference Centre (Okp),,203.48,1560.0,2024-01-01
Orion Safari,,2942.61,22560.0,2024-01-01
Protea By Marriott,,2267.27,17382.4,2024-01-01
Protea By Marriott,,1154.35,8850.0,2024-01-01
Protea By Marriott,,197.59,1514.85,2024-01-01
Protea Hotel By Marriot Klerksdorp (Pkk),,997.83,7650.0,2024-01-01
"Rufaro Hotel, Conference & Spa (Rcs)",,1702.17,13050.0,2024-01-01
S A Airways (083),,652.63,5003.56,2024-01-01
Sandton Lodge Rivonia (Slr),,453.91,3480.0,2024-01-01
Sefapane Lodge & Safaris (Sls),,436.96,3350.0,2024-01-01
Stayeasy Cape Town (St),,2896.94,22209.88,2024-01-01
Stayeasy Rustenburg (Str),,2134.82,16366.95,2024-01-01
Sundown Country Estate (Sce),,2136.52,16380.0,2024-01-01
The Capital,,592.17,4540.0,2024-01-01
The Royal Marang Hotel (Trm),,790.96,6064.0,2024-01-01
Three Oaks And An Aloe Boutique Hotel (Toh),,920.87,7060.0,2024-01-01
Treefern Guesthouse With Spa (Tfg),,2034.78,15600.0,2024-01-01
42 Upon Williams Guesthouse (42W),,313.04,2400.0,2024-02-01
Anew Green Point Cape Town (An),,1287.39,9870.0,2024-02-01
Anew Hotel,,1995.66,15300.0,2024-02-01
Avis Rent A Car - Cape Town International Airport (Avi),,71.74,550.0,2024-02-01
Be@Home,,150.0,1150.0,2024-02-01
Casa Grand Bb (Cgd),,319.57,2450.0,2024-02-01
Cashan Bnb (Cbb),,508.7,3900.0,2024-02-01
City Lodge Hotel,,1142.61,8760.0,2024-02-01
Evander Guest House (Egh),,2664.78,20430.0,2024-02-01
Garden Court,,420.0,3220.0,2024-02-01
K&B Guesthouse (Kng),,6026.09,46200.0,2024-02-01
Kassaboera Lodge (Kl),,1695.66,13000.0,2024-02-01
Kenzo Guest House (Kgh),,2080.43,15950.0,2024-02-01
Kriel Bed & Breakfast (Krl),,978.26,7500.0,2024-02-01
"La Patre Resturant, Guesthouse & Conference (Lpt)",,528.26,4050.0,2024-02-01
Lagoon Beach Hotel & Spa (Lgh),,0.0,0.0,2024-02-01
Lala @ Night Guesthouse (Lng),,3423.9,26250.0,2024-02-01
Letaba Junction (Ltj),,417.39,3200.0,2024-02-01
Lily Park Lodge (Lpl),,11895.65,91200.0,2024-02-01
Limbali Cottages (Lbc),,1865.23,14300.0,2024-02-01
Masego Guest House (Mgh),,1017.41,7800.0,2024-02-01
Orion Safari,,1878.26,14400.0,2024-02-01
Protea By Marriott,,487.83,3740.0,2024-02-01
Protea Hotel By Marriot Klerksdorp (Pkk),,425.22,3260.0,2024-02-01
Shaka Tours & Safaris (Sts),,83.48,640.0,2024-02-01
Southern Sun,,443.48,3400.0,2024-02-01
Stayeasy Rustenburg (Str),,1260.0,9660.0,2024-02-01
Sundown Country Estate (Sce),,2195.22,16830.0,2024-02-01
The Kingdom Resort (Tkr),,415.83,3188.0,2024-02-01
Thee Gesthouse (Tgh),,391.3,3000.0,2024-02-01
Treefern,,2441.74,18720.0,2024-02-01
@Home Guest House (Hgh),,169.57,1300.0,2024-03-01
Airport Inn & Suites Isando (Api),,241.7,1853.0,2024-03-01
Andante Guesthouse (Ang),,1045.43,8015.0,2024-03-01
Anew Hotel,,746.17,5720.6,2024-03-01
Avis Or Tambo (Avo),,727.65,5578.68,2024-03-01
Be@Home,,450.0,3450.0,2024-03-01
Coastlands Umhlanga Hotel & Convention Centre (Cuh),,228.26,1750.0,2024-03-01
Evander Guest House (Egh),,4265.22,32700.0,2024-03-01
Garden Court,,744.25,5705.9,2024-03-01
Goldreef City Theme Park (Gfc),,5765.76,44204.1,2024-03-01
K&B Guesthouse (Kng),,9900.0,75900.0,2024-03-01
K3B Guesthouse (Kbg),,443.48,3400.0,2024-03-01
Kassaboera Lodge (Kl),,1186.96,9100.0,2024-03-01
Kenzo Guest House (Kgh),,2458.69,18850.0,2024-03-01
Kriel Bed & Breakfast (Krl),,508.71,3900.0,2024-03-01
"La Patre Resturant, Guesthouse & Conference (Lpt)",,176.09,1350.0,2024-03-01
Lala @ Night Guesthouse (Lng),,1826.08,14000.0,2024-03-01
Lekay Events And Projects (Lep),,404.35,3100.0,2024-03-01
Lily Park Lodge (Lpl),,14743.04,113030.0,2024-03-01
Limbali Cottages (Lbc),,1186.97,9100.0,2024-03-01
Masego Guest House (Mgh),,339.13,2600.0,2024-03-01
Orion Safari,,2150.22,16485.0,2024-03-01
Palm Swift,,502.18,3850.0,2024-03-01
Peermont Walmont Hotel At Graceland (Pwg),,10392.39,79675.0,2024-03-01
Protea By Marriott,,461.74,3540.0,2024-03-01
Rio Hotel Casino Resort (Rhc),,223.04,1710.0,2024-03-01
S A Airways (083),,9587.68,73505.6,2024-03-01
Southern Sun,,1973.41,15129.45,2024-03-01
Southern Sun,,3127.18,23975.04,2024-03-01
Southern Sun,,303.34,2325.59,2024-03-01
Southern Sun,,558.48,4281.7,2024-03-01
Stayeasy Rustenburg (Str),,210.0,1610.0,2024-03-01
Sun City,,798.27,6120.0,2024-03-01
Sun City,,443.48,3400.0,2024-03-01
The One Lodge (Tl),,743.48,5700.0,2024-03-01
The Red Cherry Guest House (Trc),,195.65,1500.0,2024-03-01
The Royal Marang Hotel (Trm),,519.13,3980.0,2024-03-01
Thee Gesthouse (Tgh),,1173.91,9000.0,2024-03-01
Umthunzi Hotel & Conference (Umh),,199.57,1530.0,2024-03-01
Villa Gracia,,159.13,1220.0,2024-03-01
42 Upon Williams Guesthouse (42W),,333.91,2560.0,2024-04-01
Alec Wright'S Guest Lodge (Awg),,184.5,1414.5,2024-04-01
Avis Rent A Car - Cape Town International Airport (Avi),,528.32,4050.47,2024-04-01
Be@Home,,750.0,5750.0,2024-04-01
Beachcomber Bay (Bcb),,450.0,3450.0,2024-04-01
Blackrock Resort (Brr),,756.52,5800.0,2024-04-01
Casa Lumini Guest House (Clm),,900.0,6900.0,2024-04-01
Cashan Bnb (Cbb),,169.57,1300.0,2024-04-01
Club Cocomo Guest House (Clg),,339.14,2600.0,2024-04-01
Cradle Health Spa (Chs),,247.83,1900.0,2024-04-01
Elgro Hotel Potchefstroom (Ehp),,2640.0,20240.0,2024-04-01
Fly Safair (640),,0.0,30395.4,2024-04-01
Garden Court,,210.0,1610.0,2024-04-01
Garden Court,,630.0,4830.0,2024-04-01
Hertz Rent A Car - Cape Town International Airport (Hrc),,2713.04,20800.0,2024-04-01
Hotel Sky Cape Town (Hsy),,4390.8,33662.8,2024-04-01
Intercape Cape Town,,79841.46,612117.95,2024-04-01
K&B Guesthouse (Kng),,215.22,1650.0,2024-04-01
K3B Guesthouse (Kbg),,221.74,1700.0,2024-04-01
Kassaboera Lodge (Kl),,1526.11,11700.0,2024-04-01
Kenzo Guest House (Kgh),,1323.91,10150.0,2024-04-01
La Joya Lodge And Spa Pty (Ltd) (Ljl),,10234.57,78465.0,2024-04-01
Lagoon Beach Hotel & Spa (Lgh),,1240.7,9512.0,2024-04-01
Lala @ Night Guesthouse (Lng),,6247.81,47900.0,2024-04-01
Lekay Events And Projects (Lep),,404.35,3100.0,2024-04-01
Lily Park Lodge (Lpl),,0.0,0.0,2024-04-01
Limbali Cottages (Lbc),,4747.87,36400.0,2024-04-01
Masego Guest House (Mgh),,847.84,6500.0,2024-04-01
Mawala Lodge (Mwl),,189.13,1450.0,2024-04-01
Mmabatho Palms Hotel Casino Convention Resort (Mbp),,665.22,5100.0,2024-04-01
Mogologadikwe Gardens (Mgd),,313.04,2400.0,2024-04-01
Orion Safari,,7160.88,54900.0,2024-04-01
Palm Swift,,1023.91,7850.0,2024-04-01
Peermont Walmont Hotel At Graceland (Pwg),,12165.0,93265.0,2024-04-01
Protea By Marriott,,5989.28,45917.75,2024-04-01
Protea Hotel By Marriot Klerksdorp (Pkk),,1064.35,8160.0,2024-04-01
Ratlou Guest House (Ruh),,195.65,1500.0,2024-04-01
Road Lodge Potchefstoom (Rdp),,130.43,1000.0,2024-04-01
Seasons Leisure Golf Spa (Slg),,573.26,4395.0,2024-04-01
Sekelbos Guesthouse (Seh),,1314.78,10080.0,2024-04-01
Southern Sun,,2023.04,15510.0,2024-04-01
Southern Sun,,1536.52,11780.0,2024-04-01
Stayeasy Rustenburg (Str),,840.0,6440.0,2024-04-01
Sun City,,1331.75,10210.0,2024-04-01
Sun City,,2478.26,19000.0,2024-04-01
Sun City,,1579.57,12110.0,2024-04-01
Sundown Country Estate (Sce),,200.22,1535.0,2024-04-01
Tapologo Guest Lodge (Tgl),,143.48,1100.0,2024-04-01
The Oasis Hotel Upington (Osh),,217.83,1670.0,2024-04-01
The Red Cherry Guest House (Trc),,1421.74,10900.0,2024-04-01
Thee Gesthouse (Tgh),,1173.91,9000.0,2024-04-01
Town Lodge,,897.39,6880.0,2024-04-01
Town Lodge,,768.91,5895.0,2024-04-01
Tuscany Hotel (Tsc),,195.65,1500.0,2024-04-01
Umthunzi Hotel & Conference (Umh),,598.71,4590.0,2024-04-01
Umuzi Lodge (Uml),,1685.22,12920.0,2024-04-01
Vaal De Vue (Vdv),,0.0,1510.0,2024-04-01
Villa Brocant Guesthouse (Vbg),,357.39,2740.0,2024-04-01
Villa Mae Guest House (Vlm),,156.52,1200.0,2024-04-01
@Home Guest House (Hgh),,352.17,2700.0,2024-05-01
Abella Guest House (Abl),,228.26,1750.0,2024-05-01
Anew Hotel,,1982.44,15934.13,2024-05-01
Anew Resort,,1249.57,12800.0,2024-05-01
Bakubung Bush Lodge (Bkb),,18403.02,141090.0,2024-05-01
Be@Home,,150.0,1150.0,2024-05-01
Benhais Guesthouse (Ben),,339.13,2600.0,2024-05-01
Blackrock Resort (Brr),,378.26,2900.0,2024-05-01
City Lodge Hotel,,2285.22,17520.0,2024-05-01
City Lodge Hotel,,616.3,4725.0,2024-05-01
Global Transfers (Glt),,1056.0,8096.0,2024-05-01
Green Side Accomodation (Gs),,563.48,4320.0,2024-05-01
Sun City,,9000.0,69000.0,2024-05-01
Hertz Port Elizabeth Plz (Hpz),,272.64,2090.26,2024-05-01
Hollard  Travel Insurance (Hld),,234.0,1794.0,2024-05-01
Hotel Sky Sandton (Hss),,869.43,6665.6,2024-05-01
Intercape Cape Town,,67857.71,520242.34,2024-05-01
K3B Guesthouse (Kbg),,691.31,5300.0,2024-05-01
Kassaboera Lodge (Kl),,1526.09,11700.0,2024-05-01
Klondike Lodge (Kld),,366.52,2810.0,2024-05-01
Kriel Bed & Breakfast (Krl),,187.83,1440.0,2024-05-01
"La Patre Resturant, Guesthouse & Conference (Lpt)",,1760.87,13500.0,2024-05-01
Lala @ Night Guesthouse (Lng),,1141.3,8750.0,2024-05-01
Lamema Guest House (Lmm),,136.96,1050.0,2024-05-01
Leonardo Royal Hotel London City (Lrh),,3278.74,25137.0,2024-05-01
Lily Park Lodge (Lpl),,547.83,8400.0,2024-05-01
Luxe Corp Nairobi (Lxc),,2351.36,18027.12,2024-05-01
Masego Guest House (Mgh),,678.26,5200.0,2024-05-01
Mmabatho Palms Hotel Casino Convention Resort (Mbp),,886.96,6800.0,2024-05-01
Modcharm Guesthouse( Mogwasi) (Mcg),,1252.18,9600.0,2024-05-01
Modizen Guest House (Mdz),,3543.9,27170.0,2024-05-01
Mogologadikwe Gardens (Mgd),,156.52,1200.0,2024-05-01
Morning Star Express Hotel  (Inani) (Meh),,1549.56,11880.0,2024-05-01
Motheo Exquisite Guesthouse (Meg),,260.87,2000.0,2024-05-01
Orion Safari,,4378.69,33570.0,2024-05-01
Oryx Boutique Hotel (Obh),,8493.91,65120.0,2024-05-01
Pan Pacific Serviced Suites Nairobi Shuttles (Pss),,494.84,3793.78,2024-05-01
Pan Pacific Suites (Pps),,6934.04,53161.0,2024-05-01
Peermont Meetcourt Rio Klerksdorp (Prc),,210.0,1610.0,2024-05-01
Peermont Walmont Hotel At Graceland (Pwg),,10034.22,76929.0,2024-05-01
Potch Manor Boutique Guest House (Pmb),,1972.17,15120.0,2024-05-01
Premier Hotel O.R. Tambo (Pho),,461.74,3540.0,2024-05-01
Protea By Marriott,,1495.7,12639.09,2024-05-01
Protea By Marriott,,1606.99,17555.06,2024-05-01
Radisson Red London Heathrow (Rrl),,4020.15,30821.16,2024-05-01
S A Airlink (749),,0.0,21880.0,2024-05-01
Seokobale Guesthouse (Skg),,195.65,1500.0,2024-05-01
Southern Sun,,1125.0,8625.0,2024-05-01
Southern Sun,,3780.0,28980.0,2024-05-01
Spacube Luxury Suites And Spa (Sxs),,1528.7,11720.0,2024-05-01
Stayeasy Rustenburg (Str),,1827.4,14010.0,2024-05-01
Sun City,,11973.91,91800.0,2024-05-01
The Feather Hill Boutique Hotel (Thf),,251.09,1925.0,2024-05-01
The King'S Palace Hotel (Kpc),,1496.74,11475.0,2024-05-01
The Red Cherry Guest House (Trc),,1043.48,8000.0,2024-05-01
The Royal Marang Hotel (Trm),,519.13,3980.0,2024-05-01
The Venue Country Hotel & Spa (Tvc),,1323.91,10150.0,2024-05-01
Umthunzi Hotel & Conference (Umh),,858.14,6579.0,2024-05-01
Virgin Atlantic,,0.0,63852.9,2024-05-01
37 On Eagles (37O),,1031.74,7910.0,2024-06-01
@Home Guest House (Hgh),,169.57,1300.0,2024-06-01
Abella Guest House (Abl),,456.52,3500.0,2024-06-01
Agapé Boutique Guesthouse (Agp),,247.83,1900.0,2024-06-01
Anew Hotel,,9818.61,75276.0,2024-06-01
Anew Resort,,886.96,6800.0,2024-06-01
Arcadia Hotel (Aaa),,228.26,1750.0,2024-06-01
Avis (Avs),,9049.59,69380.11,2024-06-01
Blue Waters Hotel (Bwh),,1027.2,7875.2,2024-06-01
Boitumelo Lodges & Conference Facility (Bgh),,2830.43,21700.0,2024-06-01
Casa Villa Guesthouse (Cvg),,1627.83,12480.0,2024-06-01
Château La Mer Exclusive Guesthouse (Cmg),,1056.52,8100.0,2024-06-01
Club Cocomo Guest House (Clg),,1017.4,7800.0,2024-06-01
Fly Safair (640),,1697.84,13016.7,2024-06-01
Garden Court,,1050.0,8050.0,2024-06-01
Garden Court,,254.89,1954.15,2024-06-01
Hertz Port Elizabeth Plz (Hpz),,125.94,965.54,2024-06-01
Ikanyeng Guest House (Ikn),,1095.65,8400.0,2024-06-01
Intercape Cape Town,,70147.69,537799.0,2024-06-01
Kassaboera Lodge (Kl),,1865.22,14300.0,2024-06-01
Kings Guest House (Kig),,294.78,2260.0,2024-06-01
Kwa Maritane Bush Lodge (Kmb),,1191.0,9131.0,2024-06-01
La Joya Lodge And Spa Pty (Ltd) (Ljl),,5191.3,39800.0,2024-06-01
Lanas Boutique Hotel (Lnh),,1460.87,11200.0,2024-06-01
Masego Guest House (Mgh),,847.83,6500.0,2024-06-01
Mmabatho Palms Hotel Casino Convention Resort (Mbp),,4625.21,35460.0,2024-06-01
Mum To Be Spa And Wellness Centre (Mtb),,339.13,2600.0,2024-06-01
Orion Safari,,3421.3,26230.0,2024-06-01
Oryx Boutique Hotel (Obh),,502.17,3850.0,2024-06-01
Palm Swift,,339.13,2600.0,2024-06-01
Palm Valley Inn And Day Spa Hartbeespoort (Pvi),,890.71,6828.75,2024-06-01
Peermont Meetcourt Rio Klerksdorp (Prc),,2424.0,18584.0,2024-06-01
Premier Hotel Umhlanga (Puu),,3957.4,30340.0,2024-06-01
Protea By Marriott,,0.0,5693.42,2024-06-01
Protea By Marriott,,6191.48,47468.01,2024-06-01
Protea Hotel Durban Umhlanga (Pru),,739.49,5669.4,2024-06-01
Royal Highness Lux  Guest House (Rhl),,9900.0,75900.0,2024-06-01
S A Airways (083),,834.0,11754.0,2024-06-01
Sheraton Pretoria Hotel (Sph),,1982.61,15200.0,2024-06-01
Southern Sun,,881.74,6760.0,2024-06-01
The Edward (Tes),,531.0,4071.0,2024-06-01
The Kingdom Resort (Tkr),,668.09,5121.99,2024-06-01
The Royal Guest House (Thr),,492.75,3777.75,2024-06-01
Three Oaks And An Aloe Boutique Hotel (Toh),,14368.67,110159.83,2024-06-01
Tuscany Hotel (Tsc),,1007.61,7725.0,2024-06-01
Umthunzi Hotel & Conference (Umh),,628.64,4819.5,2024-06-01
Villa Brocant Guesthouse (Vbg),,361.7,2773.0,2024-06-01
Westville Bed & Breakfast (Wvg),,240.65,1845.0,2024-06-01
Whara Whara Guesthouse,,450.0,3450.0,2024-06-01
Anew Hotel,,11973.92,91800.0,2024-07-01
Anew Hotel,,816.89,6262.83,2024-07-01
Arcadia Hotel (Aaa),,0.0,0.0,2024-07-01
Avis (Avs),,346.3,2655.06,2024-07-01
Avis Or Tambo (Avo),,1844.68,14142.51,2024-07-01
Be@Home,,1683.91,12910.0,2024-07-01
Cajori Hotel (Cjh),,414.78,3180.0,2024-07-01
Club Cocomo Guest House (Clg),,847.83,6500.0,2024-07-01
Ez Shuttle (Ezs),,640.43,4910.0,2024-07-01
Fly Safair (640),,22478.79,172315.89,2024-07-01
Garden Court,,420.0,3220.0,2024-07-01
Garden Court,,2031.96,15578.42,2024-07-01
Garden Court,,1852.18,14200.0,2024-07-01
Garden Court,,4799.89,37828.1,2024-07-01
Garden Court,,19941.89,171402.8,2024-07-01
Glen Afric Lodge (Gal),,2021.73,15500.0,2024-07-01
Grace Place B & B (Gpb),,558.26,4280.0,2024-07-01
Hemingways Hotel East London (Hmw),,2015.22,15450.0,2024-07-01
Hertz King Shaka Durban (Hks),,3365.9,25805.2,2024-07-01
Hertz Or Tambo Or Tambo (Htz),,748.73,5740.23,2024-07-01
Intercape Cape Town,,99539.03,763132.46,2024-07-01
Kassaboera Lodge (Kl),,4239.13,32500.0,2024-07-01
Kriel Bed & Breakfast (Krl),,169.57,1300.0,2024-07-01
La Joya Lodge And Spa Pty (Ltd) (Ljl),,0.0,3300.0,2024-07-01
Lanas Boutique Hotel (Lnh),,313.04,2400.0,2024-07-01
Masego Guest House (Mgh),,118.7,910.0,2024-07-01
Maseru Entertainment Parks (Mep),,6404.35,49100.0,2024-07-01
Mmabatho Palms Hotel Casino Convention Resort (Mbp),,252.39,1935.0,2024-07-01
Mogologadikwe Gardens (Mgd),,156.52,1200.0,2024-07-01
Monsieur Dvan (Mss),,189.13,1450.0,2024-07-01
Orion Safari,,1594.57,12225.0,2024-07-01
Oryx Boutique Hotel (Obh),,841.3,6450.0,2024-07-01
Protea By Marriott,,1667.31,12782.73,2024-07-01
Protea By Marriott,,13353.45,119374.19,2024-07-01
Protea Hotel By Marriot Klerksdorp (Pkk),,2441.44,18717.75,2024-07-01
Radisson Blu Hotel Durban Umhlanga (Rdb),,7307.67,56025.45,2024-07-01
Rametsi Game Lodge (Rml),,15000.0,115000.0,2024-07-01
Rengwe Guest House (Rgg),,1491.0,11431.0,2024-07-01
Rio Hotel Casino Resort (Rhc),,7138.04,54725.0,2024-07-01
Rivendell House (Rvd),,2494.57,19125.0,2024-07-01
Road Lodge Cape Town International Airport (Rcp),,540.13,4141.0,2024-07-01
Road Lodge Rustenburg (Rdr),,2146.43,16456.0,2024-07-01
S A Airways (083),,6707.05,51420.94,2024-07-01
Sandton Lodge Rivonia (Slr),,356.08,2730.0,2024-07-01
Shaka Tours & Safaris (Sts),,0.0,5175.0,2024-07-01
Southern Sun,,1584.04,12144.32,2024-07-01
Southern Sun,,906.94,6953.15,2024-07-01
Southern Sun,,4069.56,31200.0,2024-07-01
Sparkling Waters Hotel & Spa (Spw),,393.91,3020.0,2024-07-01
Stonehenge River Lodge (Sth),,2332.17,17880.0,2024-07-01
Sun City,,127.85,980.0,2024-07-01
The Capital,,233.14,1787.4,2024-07-01
The Kingdom Resort (Tkr),,203.48,1560.01,2024-07-01
The Maslow Hotel Sandton (Mst),,487.83,3740.0,2024-07-01
The Pearl Klerksdorp (Tpk),,1773.91,13600.0,2024-07-01
The Red Cherry Guest House (Trc),,1565.22,12000.0,2024-07-01
The Royal Marang Hotel (Trm),,817.05,6264.0,2024-07-01
The Venue Country Hotel & Spa (Tvc),,782.61,6000.0,2024-07-01
Three Oaks And An Aloe Boutique Hotel (Toh),,902.61,6920.0,2024-07-01
Town Lodge,,438.26,3360.0,2024-07-01
Umthunzi Hotel & Conference (Umh),,598.7,4590.0,2024-07-01
Unicab (Unc),,52.17,400.0,2024-07-01
Villa Mae Guest House (Vlm),,156.52,1200.0,2024-07-01
Whara-Whara Guesthouse (Wwg),,300.0,2300.0,2024-07-01
Wow Travel,,639.13,4900.0,2024-07-01
Acres Inn Klerksdorp (Aik),,1740.0,13340.0,2024-08-01
Afro-She Guest Lodge (Afl),,16020.0,122820.0,2024-08-01
Aha Kopanong Hotel & Conference Centre (Akc),,2495.48,19132.0,2024-08-01
Airlink Airline (820),,1035.47,7938.6,2024-08-01
Anew Hotel,,1138.06,8725.16,2024-08-01
Avis Or Tambo (Avo),,7407.25,56788.97,2024-08-01
Be@Home,,150.0,1150.0,2024-08-01
Birchwood Hotel & Or Tambo Conference Centre (Bho),,2848.69,21840.0,2024-08-01
Casa Grand Bb (Cgd),,159.78,1225.0,2024-08-01
City Lodge Hotel,,1030.43,7900.0,2024-08-01
Copperwood Hotel & Conferencing (Chc),,339.14,2600.0,2024-08-01
Da Vinci Hotel (Dvn),,7200.0,55200.0,2024-08-01
Fly Safair (640),,4573.73,37536.6,2024-08-01
Garden Court,,1050.0,8050.0,2024-08-01
Garden Court,,651.91,4998.0,2024-08-01
Graceland Conference & Lifestyle Centre (Grc),,443.48,3400.0,2024-08-01
Green Apple Tours Cc (Gat),,821.74,6300.0,2024-08-01
Green Side Accomodation (Gs),,191.74,1470.0,2024-08-01
K&B Guesthouse (Kng),,199.57,1530.0,2024-08-01
Kassaboera Lodge (Kl),,508.7,3900.0,2024-08-01
Kings Palace  Hotel (Kph),,220.43,1690.0,2024-08-01
Kobo Segole Guest House (Ksg),,1188.0,9108.0,2024-08-01
Lala @ Night Guesthouse (Lng),,456.52,3500.0,2024-08-01
Lanas Boutique Hotel (Lnh),,1635.0,12535.0,2024-08-01
Letsatsing Lodge (Lel),,1164.78,8930.0,2024-08-01
Limbali Cottages (Lbc),,169.57,1300.0,2024-08-01
Masego Guest House (Mgh),,508.7,3900.0,2024-08-01
Mmabatho Palms Hotel Casino Convention Resort (Mbp),,4806.52,36850.0,2024-08-01
Myburgh Bed & Breakfast (Myb),,1513.04,11600.0,2024-08-01
North West University (Nwu),,165.65,1270.0,2024-08-01
Orion Safari,,572.61,4390.0,2024-08-01
Palm Swift,,1486.97,11400.0,2024-08-01
Premier Splendid Inn Bloemfontein (Psb),,918.0,7038.0,2024-08-01
Protea By Marriott,,34097.42,270473.5,2024-08-01
Protea Hotel By Marriot Klerksdorp (Pkk),,212.61,1630.0,2024-08-01
Rio Hotel Casino Resort (Rhc),,221.74,1700.0,2024-08-01
S A Airways (083),,1434.45,13599.95,2024-08-01
Sefapane Lodge & Safaris (Sls),,1310.87,10050.0,2024-08-01
Southern Sun,,692.61,5310.0,2024-08-01
Southern Sun,,2520.0,19320.0,2024-08-01
Southern Sun,,3605.21,27640.0,2024-08-01
Stayeasy Rustenburg (Str),,2405.22,18440.0,2024-08-01
The Capital,,802.17,6150.0,2024-08-01
The Capital,,446.97,3426.8,2024-08-01
The Capital,,490.43,3760.0,2024-08-01
The Red Cherry Guest House (Trc),,208.7,1600.0,2024-08-01
Three Oaks And An Aloe Boutique Hotel (Toh),,55226.74,423405.0,2024-08-01
Treefern Guesthouse With Spa (Tfg),,2441.74,18720.0,2024-08-01
Umthunzi Hotel & Conference (Umh),,199.57,1530.0,2024-08-01
World Focus,,357.39,2740.0,2024-08-01
@Home Guest House Bed&Breakfast (Ahv),,10917.39,83700.0,2024-09-01
Aadvanced Limousines (Aal),,0.0,0.0,2024-09-01
Abella Guest House (Abl),,245.22,1880.0,2024-09-01
Anew Hotel,,17337.92,132924.0,2024-09-01
Anew Resort,,461.74,3540.0,2024-09-01
Annvilla Guest House (Avl),,375.65,2880.0,2024-09-01
Avis Lanseria Lanseria (Av),,228.45,1751.42,2024-09-01
Avis Mmabatho Mahikeng (Avr),,343.7,2635.04,2024-09-01
Avis Or Tambo (Avo),,3187.57,24438.02,2024-09-01
Avis Port Elizabeth Gqeberha (Avq),,1026.45,7869.43,2024-09-01
Baron'S Galley & Lodge (Bgl),,1149.14,8810.0,2024-09-01
Basotho Guest House (Bth),,169.57,1300.0,2024-09-01
Be@Home,,1050.0,8050.0,2024-09-01
Blackrock Resort (Brr),,586.95,4500.0,2024-09-01
Cardinal Logde And  Leisure (Cdl),,32217.39,247000.0,2024-09-01
Casa Grand Bb (Cgd),,185.87,1425.0,2024-09-01
Cashan Bnb (Cbb),,2543.51,19500.0,2024-09-01
Centurion Tours (Cnt),,135.65,1040.0,2024-09-01
Chrome Valley Lodge (Cvl),,1246.3,9555.0,2024-09-01
City Lodge Hotel,,993.04,7613.3,2024-09-01
City Lodge Hotel,,547.83,4200.0,2024-09-01
Club Cocomo Guest House (Clg),,339.13,2600.0,2024-09-01
Coligny Hotel (Ch),,1125.0,8625.0,2024-09-01
Copperwood Hotel & Conferencing (Chc),,541.3,4150.0,2024-09-01
Elrose Guest House (Elr),,189.13,1450.0,2024-09-01
Fly Safair (640),,5079.46,39613.75,2024-09-01
Foundation Stones Guest Lodge (Fsl),,1440.0,11040.0,2024-09-01
Fusion Boutique Hotel (Fhp),,4591.31,35200.0,2024-09-01
Game View Lodge (Gmv),,208.7,1600.0,2024-09-01
Garden Court,,929.84,7128.8,2024-09-01
Gettys Bed And Breakfast (Ggh),,819.13,6280.0,2024-09-01
Goldreef City Theme Park (Gfc),,2520.0,19320.0,2024-09-01
Green Side Accomodation (Gs),,958.7,7350.0,2024-09-01
Hotel Sky Cape Town (Hsy),,598.7,4590.0,2024-09-01
Ikanyeng Guest House (Ikn),,22643.48,173600.0,2024-09-01
"Indaba Hotel, Spa And Conference Centre (Ind)",,1515.66,11620.0,2024-09-01
K&B Guesthouse (Kng),,1796.11,13770.0,2024-09-01
K3B Guesthouse (Kbg),,2582.61,19800.0,2024-09-01
Kameelboom Lodge Vryburg (Kee),,172.5,1322.5,2024-09-01
Kassaboera Lodge (Kl),,2373.92,18200.0,2024-09-01
"Kedar Heritage Lodge, Conference Centre & Spa (Khl)",,563.48,4320.0,2024-09-01
Kenzo Guest House (Kgh),,4278.26,32800.0,2024-09-01
Kings Gate Hotel (Knd),,440.87,3380.0,2024-09-01
Kobo Segole Guest House (Ksg),,148.5,1138.5,2024-09-01
Kriel Bed & Breakfast (Krl),,156.52,1200.0,2024-09-01
Lakeside Guesthouse (Lhg),,10351.3,79360.0,2024-09-01
Lala @ Night Guesthouse (Lng),,3234.78,24800.0,2024-09-01
Sun City,,2582.61,19800.0,2024-09-01
Letsatsing Lodge (Lel),,0.0,0.0,2024-09-01
Letsema Guest House (Ltm),,880.43,6750.0,2024-09-01
Lily Park Lodge (Lpl),,221.74,1700.0,2024-09-01
Limbali Cottages (Lbc),,847.84,6500.0,2024-09-01
Manhattean Hotel Pretoria (Mht),,399.13,3060.0,2024-09-01
Masego Guest House (Mgh),,169.57,1300.0,2024-09-01
Mmabatho Palms Hotel Casino Convention Resort (Mbp),,191.74,1470.0,2024-09-01
Modcharm Guesthouse( Mogwasi) (Mcg),,978.26,7500.0,2024-09-01
Modizen Guest House (Mdz),,183.91,1410.0,2024-09-01
Nwu Sports Village (Sv),,344.35,2640.0,2024-09-01
Orion Safari,,598.7,4590.0,2024-09-01
Ouplaas Gastehuis (Opg),,3517.83,26970.0,2024-09-01
Palm Swift,,1351.32,10360.0,2024-09-01
Peermont Meetcourt Rio Klerksdorp (Prc),,630.0,4830.0,2024-09-01
Pivot Hotel Montecasino (Phc),,4155.65,31860.0,2024-09-01
Protea By Marriott,,1600.95,12273.97,2024-09-01
Protea By Marriott,,23214.88,177980.83,2024-09-01
Protea By Marriott,,1576.96,12090.0,2024-09-01
Protea Hotel By Marriot Klerksdorp (Pkk),,291.03,2231.2,2024-09-01
Protea Hotel Fire & Ice! Durban Umhlanga Ridge (Phu),,630.0,4830.0,2024-09-01
Protea Hotel Willow Lake (Prw),,966.17,7407.32,2024-09-01
Radisson Blu Or Tambo (Rbo),,2820.0,21620.0,2024-09-01
Rantsho Lifestyle Guesthouse (Ran),,13695.65,105000.0,2024-09-01
Rio Hotel Casino Resort (Rhc),,538.7,4130.0,2024-09-01
Road Lodge Potchefstoom (Rdp),,183.91,1410.0,2024-09-01
S A Airways (083),,1364.07,10457.9,2024-09-01
Seasons Leisure Golf Spa (Slg),,994.3,7623.0,2024-09-01
Seokobale Guesthouse (Skg),,2934.78,22500.0,2024-09-01
Setlagole Farm Guesthouse (Sfg),,3962.61,30380.0,2024-09-01
Southern Sun,,1815.65,13920.0,2024-09-01
Southern Sun,,230.87,1770.0,2024-09-01
Southern Sun,,529.57,4060.0,2024-09-01
Southern Sun,,1600.43,12270.0,2024-09-01
Stayeasy Rustenburg (Str),,1640.87,12580.0,2024-09-01
Sun City,,1638.27,12560.0,2024-09-01
Sun City,,2937.41,22520.0,2024-09-01
Telsia Conference & Events (Tle),,21273.91,163100.0,2024-09-01
The Kingdom Resort (Tkr),,187.7,1439.0,2024-09-01
The Red Cherry Guest House (Trc),,5165.21,39600.0,2024-09-01
The Royal Marang Hotel (Trm),,3423.14,26244.0,2024-09-01
Three Oaks And An Aloe Boutique Hotel (Toh),,14900.22,114235.0,2024-09-01
Travel For Change Kwazulu Natal Kwazulu Natal (Tkn),,136.96,1050.0,2024-09-01
Treefern Guesthouse With Spa (Tfg),,1627.83,12480.0,2024-09-01
Villa Brocant Guesthouse (Vbg),,490.43,3760.0,2024-09-01
Villa Paradiso Country Manor (Vpm),,183.13,1404.0,2024-09-01
41 On Market Lodge (41O),,228.26,1750.0,2024-10-01
42 Upon Williams Guesthouse (42W),,2034.78,15600.0,2024-10-01
Airlink Airline (820),,958.18,7346.0,2024-10-01
Anew Hotel,,18579.65,142444.0,2024-10-01
Anew Hotel,,1074.71,8239.44,2024-10-01
Anew Resort,,507.64,3891.94,2024-10-01
Annvilla Guest House (Avl),,714.13,5475.0,2024-10-01
At Grace Guesthouse (Atg),,11739.13,90000.0,2024-10-01
Avis Mmabatho Mahikeng (Avr),,985.49,7555.56,2024-10-01
Bakubung Bush Lodge (Bkb),,469.57,3600.0,2024-10-01
Be@Home,,5021.75,38500.0,2024-10-01
Birchwood Hotel & Or Tambo Conference Centre (Bho),,1346.09,10320.0,2024-10-01
Cashan Bnb (Cbb),,339.13,2600.0,2024-10-01
City Lodge Hotel,,1164.78,8930.0,2024-10-01
City Lodge Hotel,,2863.69,21955.0,2024-10-01
City Lodge Hotel,,2955.26,22657.0,2024-10-01
Dithabeng View Guest House (Dvg),,176.09,1350.0,2024-10-01
Doxa/Mirah/Chess Bb (Dmc),,143.48,1100.0,2024-10-01
Emperors Palace Peermont Metcourt Hotel (Emc),,6542.09,50156.0,2024-10-01
Europrime Hotels (Euh),,365.22,2800.0,2024-10-01
Ez Shuttle (Ezs),,434.35,3330.0,2024-10-01
Garden Court,,1890.0,14490.0,2024-10-01
Garden Court,,6984.78,53550.0,2024-10-01
Garden Court,,0.0,1530.0,2024-10-01
Garden Court,,5723.47,43880.0,2024-10-01
Gettys Bed And Breakfast (Ggh),,357.39,2740.0,2024-10-01
Grace Place B & B (Gpb),,547.83,4200.0,2024-10-01
Graceland Conference & Lifestyle Centre (Grc),,743.48,5700.0,2024-10-01
Green Side Accomodation (Gs),,191.74,1470.0,2024-10-01
Ikanyeng Guest House (Ikn),,365.22,2800.0,2024-10-01
K&B Guesthouse (Kng),,605.22,4640.0,2024-10-01
K3B Guesthouse (Kbg),,2100.0,16100.0,2024-10-01
Kenzo Guest House (Kgh),,756.52,5800.0,2024-10-01
Kings Gate Hotel (Knd),,298.7,2290.0,2024-10-01
Kings Palace  Hotel (Kph),,1826.09,14000.0,2024-10-01
Kriel Bed & Breakfast (Krl),,352.17,2700.0,2024-10-01
La Maison De Veille Guest House (Lmd),,8765.22,67200.0,2024-10-01
Lala @ Night Guesthouse (Lng),,12658.67,97050.0,2024-10-01
Letsatsing Lodge (Lel),,606.52,4650.0,2024-10-01
Letsema Guest House (Ltm),,1408.7,10800.0,2024-10-01
Lily Park Lodge (Lli),,1323.92,10150.0,2024-10-01
Lily Park Lodge (Lpl),,208.7,5800.0,2024-10-01
Limbali Cottages (Lbc),,1017.4,7800.0,2024-10-01
Masego Guest House (Mgh),,678.26,5200.0,2024-10-01
Modizen Guest House (Mdz),,183.91,1410.0,2024-10-01
Mogologadikwe Gardens (Mgd),,834.79,6400.0,2024-10-01
Monsieur Devan Klersdorp (Mdk),,704.35,5400.0,2024-10-01
Myburgh Bed & Breakfast (Myb),,4402.16,33750.0,2024-10-01
Oryx Boutique Hotel (Obh),,3508.7,26900.0,2024-10-01
Palm Swift,,1069.57,8200.0,2024-10-01
Park Inn By Radisson Polokwane (Pib),,637.83,4890.0,2024-10-01
Peermont Metcourt Hotel (Pmh),,4708.7,36100.0,2024-10-01
Premier Hotel Cape Town (Prt),,388.57,2979.0,2024-10-01
Premier Splendid Inn Bloemfontein (Psb),,1555.5,11925.5,2024-10-01
Prison View Guesthouse (Pvg),,2510.86,19250.0,2024-10-01
Prota Hotel Or Tambo Airport (Pra),,666.38,5108.91,2024-10-01
Protea By Marriott,,2088.33,16010.5,2024-10-01
Protea By Marriott,,17496.59,134140.5,2024-10-01
Protea By Marriott,,673.04,5160.0,2024-10-01
Protea Hotel By Marriot Klerksdorp (Pkk),,5965.3,45733.95,2024-10-01
Protea Hotel Polokwane (Php),,231.52,1775.0,2024-10-01
Protea Hotel Polokwane Ranch Resort (Tnc),,1846.96,14160.0,2024-10-01
Rejabotlhe Guest House (Rjb),,756.52,5800.0,2024-10-01
Rengwe Guest House (Rgg),,195.0,1495.0,2024-10-01
Rio Hotel Casino Resort (Rhc),,9938.47,76195.0,2024-10-01
Seasons Conference And Weddings (Scw),,55846.95,428160.0,2024-10-01
Southern Sun,,2113.05,16200.0,2024-10-01
Southern Sun,,3516.52,26960.0,2024-10-01
Southern Sun,,815.35,6251.0,2024-10-01
Southern Sun,,1260.0,9660.0,2024-10-01
Stayeasy Rustenburg (Str),,840.0,6440.0,2024-10-01
Sun City,,2328.26,17850.0,2024-10-01
Sun City,,3118.7,23910.0,2024-10-01
The Centurion Hotel (Tch),,399.13,3060.0,2024-10-01
The Cycad Lodge & Chalets (Cl),,991.3,7600.0,2024-10-01
The Grand Comfort Lodge (Tgc),,528.26,4050.0,2024-10-01
The Key Guest Villa (Tkg),,318.26,2440.0,2024-10-01
The Palms Guesthouse (Tth),,3443.48,26400.0,2024-10-01
37 On Eagles (37O),,439.57,3370.0,2024-11-01
41 On Market Lodge (41O),,260.87,2000.0,2024-11-01
Anew Green Point Cape Town (An),,755.22,5790.0,2024-11-01
Anew Hotel,,229.5,1759.5,2024-11-01
Anew Hotel,,536.95,4116.59,2024-11-01
Anew Resort,,221.74,1700.0,2024-11-01
Anew Resort,,461.74,3540.0,2024-11-01
Anew Resort,,507.65,3892.0,2024-11-01
Avis (Avs),,998.79,7657.39,2024-11-01
Avis Mmabatho Mahikeng (Avr),,811.43,6221.0,2024-11-01
Avis Rent A Car - Cape Town International Airport (Avi),,429.0,3289.0,2024-11-01
Be@Home,,3441.83,26387.35,2024-11-01
Blackrock Resort (Brr),,2230.43,17100.0,2024-11-01
Cascades Hotel (Csh),,1531.3,11740.0,2024-11-01
Cashan Bnb (Cbb),,339.13,2600.0,2024-11-01
Cemair (018),,871.5,7278.88,2024-11-01
City Lodge Hotel,,950.61,7288.0,2024-11-01
City Lodge Hotel,,412.45,3162.16,2024-11-01
City Lodge Hotel,,1012.7,7764.0,2024-11-01
City Lodge Hotel,,361.96,2775.0,2024-11-01
Emperors Palace Mondior Hotel (Emm),,3060.0,23460.0,2024-11-01
Fly Safair (640),,1799.52,13796.28,2024-11-01
Gettys Bed And Breakfast (Ggh),,949.57,7280.0,2024-11-01
Grande Kloof Boutique Hotel (Grb),,717.39,5500.0,2024-11-01
Hertz Rent A Car  Mahikeng Mahikeng (Hrm),,678.12,5198.92,2024-11-01
K&B Guesthouse (Kng),,199.57,1530.0,2024-11-01
K3B Guesthouse (Kbg),,2163.58,16587.34,2024-11-01
Kenzo Guest House (Kgh),,2269.56,17400.0,2024-11-01
"La Patre Resturant, Guesthouse & Conference (Lpt)",,1017.4,7800.0,2024-11-01
Lala @ Night Guesthouse (Lng),,1141.3,8750.0,2024-11-01
Lily Park Lodge (Lpl),,893.48,6850.0,2024-11-01
Limbali Cottages (Lbc),,1017.4,7800.0,2024-11-01
Lotlametswe B&B (Lbb),,215.22,1650.0,2024-11-01
Masego Guest House (Mgh),,339.13,2600.0,2024-11-01
Motheo Exquisite Guesthouse (Meg),,234.78,1800.0,2024-11-01
Ngulube Lodge (Nln),,176.09,1350.0,2024-11-01
Nwu Sports Village (Sv),,496.96,3810.0,2024-11-01
Orion Safari,,0.0,9180.0,2024-11-01
Oryx Boutique Hotel (Obh),,2152.16,16500.0,2024-11-01
Palm Swift,,678.26,5200.0,2024-11-01
Premier Hotel Pretoria (Prp),,199.57,1530.0,2024-11-01
Protea By Marriott,,2030.41,15566.41,2024-11-01
Protea Fire & Ice Menlyn (Pfi),,1996.51,15306.6,2024-11-01
Protea Hotel By Marriot Klerksdorp (Pkk),,5502.49,42185.6,2024-11-01
Protea Hotel Mowbray (Ppm),,1460.87,11200.0,2024-11-01
Rengwe Guest House (Rgg),,390.0,2990.0,2024-11-01
Rio Hotel Casino Resort (Rhc),,1470.0,11270.0,2024-11-01
Road Lodge Potchefstoom (Rdp),,1538.48,11795.0,2024-11-01
Selamod Village Guest House (Svg),,150.0,1150.0,2024-11-01
Southern Sun,,2028.26,15550.0,2024-11-01
Southern Sun,,576.52,4420.0,2024-11-01
Stayeasy Rustenburg (Str),,195.65,1500.0,2024-11-01
Sun City,,11223.92,86050.0,2024-11-01
Sun City,,886.96,6800.0,2024-11-01
Sun City,,71560.69,548631.9,2024-11-01
The Capital,,1296.57,9940.4,2024-11-01
The Palms Guesthouse (Tth),,1173.91,9000.0,2024-11-01
The Red Cherry Guest House (Trc),,208.7,1600.0,2024-11-01
The Royal Marang Hotel (Trm),,3481.83,26694.0,2024-11-01
The Willows Garden Hotel (Wgh),,208.04,1595.0,2024-11-01
Town Lodge,,1891.3,14500.0,2024-11-01
Villa Gracia Guesthouse Klerksdorp (Vgg),,189.13,1450.0,2024-11-01
Anew Hotel,,7184.35,55080.0,2024-12-01
Avis King Shaka Durban (Ak),,630.67,4835.11,2024-12-01
Avis Polokwane Polokwane (Ac),,10247.8,78566.47,2024-12-01
Avis Rent A Car - Cape Town International Airport (Avi),,206.48,1583.0,2024-12-01
Be@Home,,1305.66,10010.0,2024-12-01
Blue Waters Hotel (Bwh),,809.48,6206.0,2024-12-01
Boitumelo Lodges & Conference Facility (Bgh),,12482.61,95700.0,2024-12-01
Bona Bona Lodge (Boa),,626.09,4800.0,2024-12-01
Cascades Hotel (Csh),,793.04,6080.0,2024-12-01
City Lodge Hotel,,230.87,1770.0,2024-12-01
City Lodge Hotel,,4014.78,30780.0,2024-12-01
Die Geelhuis Resturant & Gastehuis (Dgh),,866.09,6640.0,2024-12-01
Doxa/Mirah/Chess Bb (Dmc),,3913.04,30000.0,2024-12-01
Europrime Hotels (Euh),,730.43,5600.0,2024-12-01
Flora Hill Guest House (Flo),,97.5,747.5,2024-12-01
Fly Safair (640),,5535.0,45171.9,2024-12-01
Garden Court,,598.7,4590.0,2024-12-01
Sun City,,1598.41,12254.5,2024-12-01
Hertz Or Tambo Or Tambo (Htz),,426.26,3268.0,2024-12-01
Hertz Rent A Car  Mahikeng Mahikeng (Hrm),,678.12,5198.92,2024-12-01
Hertz Rent A Car - Cape Town International Airport (Hrc),,478.43,3668.0,2024-12-01
Hotel Sky Sandton (Hss),,187.83,1440.0,2024-12-01
K3B Guesthouse (Kbg),,5726.09,43900.0,2024-12-01
Kassaboera Lodge (Kl),,1186.98,9100.0,2024-12-01
Kenzo Guest House (Kgh),,2504.35,19200.0,2024-12-01
"La Patre Resturant, Guesthouse & Conference (Lpt)",,1356.53,10400.0,2024-12-01
Lala @ Night Guesthouse (Lng),,3423.91,26250.0,2024-12-01
Letsema Guest House (Ltm),,1721.74,13200.0,2024-12-01
Lichtenburg     Guesthouse (Lgt),,816.52,6260.0,2024-12-01
Lily Park Lodge (Lpl),,547.83,0.0,2024-12-01
Limbali Cottages (Lbc),,678.27,5200.0,2024-12-01
Masego Guest House (Mgh),,1017.39,7800.0,2024-12-01
Maseru Entertainment Parks (Mep),,5986.96,45900.0,2024-12-01
Midrand Conference Centre (Mcv),,3284.35,25180.0,2024-12-01
Nwu Sports Village (Sv),,165.65,1270.0,2024-12-01
Oryx Boutique Hotel (Obh),,4695.65,36000.0,2024-12-01
Palm Swift,,528.26,4050.0,2024-12-01
Pigmy Lodge (Pld),,1369.57,10500.0,2024-12-01
Premier Hotel Cape Town (Prt),,2847.13,21828.0,2024-12-01
Prison View Guesthouse (Pvg),,202.17,1550.0,2024-12-01
Protea By Marriott,,1031.88,7911.07,2024-12-01
Protea Fire & Ice Menlyn (Pfi),,811.32,6220.14,2024-12-01
Protea Hotel By Marriot Klerksdorp (Pkk),,502.37,3851.5,2024-12-01
Pumba'S Bed And Breakfast (Pmg),,875.22,6710.0,2024-12-01
Rio Hotel Casino Resort (Rhc),,911.87,6991.0,2024-12-01
Sannieshof Lodge And Events (Snn),,26263.04,201350.0,2024-12-01
Southern Sun,,230.87,1770.0,2024-12-01
Southern Sun,,39.13,300.0,2024-12-01
Sparkling Waters Hotel & Spa (Spw),,399.13,3060.0,2024-12-01
Stayeasy Cape Town (St),,3363.26,25785.0,2024-12-01
Sun City,,2126.09,16300.0,2024-12-01
Sun City,,40763.46,312520.0,2024-12-01
Sundown Country Estate (Sce),,540.0,4140.0,2024-12-01
The Capital,,487.83,3740.0,2024-12-01
The Feather Hill Boutique Hotel (Thf),,2556.0,19596.0,2024-12-01
The Kingdom Resort (Tkr),,6612.38,50695.0,2024-12-01
The Red Cherry Guest House (Trc),,1186.96,9100.0,2024-12-01
The Royal Marang Hotel (Trm),,1523.23,11678.02,2024-12-01
Toro Guest House (Tor),,339.13,2600.0,2024-12-01
Safari Lodge,,900.0,6900.0,2024-12-01
Villa Maria Guest Lodge (Vmg),,816.0,6256.0,2024-12-01
Waterfront Guesthouse,,1836.0,14076.0,2024-12-01
